{"cameraMode":{"drawMode":0,"name":"Shaded","section":"Shading Mode"},"sceneLighting":true,"audioPlay":false,"sceneViewState":{"showFog":true,"showMaterialUpdate":false,"showSkybox":true,"showFlares":true,"showImageEffects":true,"showParticleSystems":true,"showVisualEffectGraphs":true,"m_FxEnabled":true},"in2DMode":false,"pivot":{"x":3.493163585662842,"y":0.8963767290115356,"z":-1.3154734373092652},"rotation":{"x":-0.00011481676483526826,"y":0.999862790107727,"z":0.014689602889120579,"w":0.007799900136888027},"size":3.208561658859253,"orthographic":false}